id,first_name,last_name,user_name
3343,Virgil,Burbidge,vburbidge0
5825,Trisha,Cantero,tcantero1
8038,Durant,Piddlehinton,dpiddlehinton2
9891,Bethanne,Spollen,bspollen3
8950,Malvin,Weed,mweed4
1819,Sylvester,Sloegrave,ssloegrave5
8556,Panchito,Roffey,proffey6
6432,Nate,Hedden,nhedden7
2261,Kingsley,Wallington,kwallington8
7394,Cele,Ragborne,cragborne9
4326,Thurstan,Margrie,tmargriea
1059,Claudio,Oxbury,coxburyb
1821,Nelly,Anshell,nanshellc
1548,Tine,Thomas,tthomasd
1734,Waylen,Benny,wbennye
9785,Zora,Vanyukhin,zvanyukhinf
7545,Letitia,Wooton,lwootong
5980,Dore,Elks,delksh
8839,Filip,Waple,fwaplei
1637,Melissa,Pisculli,mpiscullij
7023,Abran,Stringer,astringerk
2660,Frederik,Giovannacc@i,fgiovannaccil
8443,Virgie,Hitzschke,vhitzschkem
2364,Christian,Suggitt,csuggittn
2691,May,Skill,mskillo
6257,Fleur,Armiger,farmigerp
1642,Howey,West,hwestq
5056,Jandy,Eglise,jegliser
8310,Hagan,Naper,hnapers
8058,Moishe,Domingues,mdominguest
5070,Melodie,Holbury,mholburyu
2421,Sammy,Baselio,sbaseliov
6381,Gibby,Vauls,gvaulsw
8032,Atlante,Leveritt,aleverittx
8440,Ninnetta,Yurkevich,nyurkevichy
2509,Petronia,Wearing,pwearingz
6440,Kaitlynn,Petcher,kpetcher10
6865,Goldarina,Jarrel,gjarrel11
7668,Margo,Hadfield,mhadfield12
6373,Ginger,Edmonstone,gedmonstone13
6162,Thea,Strangeway,tstrangeway14
4269,Hewet,Billings,hbillings15
4027,Tanner,Cashford,tcashford16
9188,Koral,Wiggall,kwiggall17
1687,Archy,Biers,abiers18
8187,Jerrie,Eke,jeke19
7420,Agatha,Wannes,awannes1a
9812,Romy,Haster,rhaster1b
8925,Hermione,Tinwell,htinwell1c
2620,Caddric,Snodin,csnodin1d
